,Tag,Frequency
0,android,33581
1,google-maps,17737
2,gps,5374
3,java,5039
4,location,3998
5,google-maps-android-api-2,3347
6,geolocation,2322
7,maps,1674
8,google-maps-api-3,1506
9,google-maps-markers,1462
10,android-fragments,1286
11,android-location,1211
12,android-maps-v2,1124
13,google-maps-api-2,928
14,google-play-services,899
15,android-studio,886
16,android-mapview,886
17,locationmanager,864
18,android-maps,832
19,google-places-api,565
20,android-gps,558
21,eclipse,537
22,javascript,532
23,cordova,489
24,android-intent,450
25,locationlistener,429
26,service,419
27,ios,418
28,api,400
29,json,382
30,fusedlocationproviderapi,364
31,marker,352
32,google-api,319
33,latitude-longitude,314
34,android-layout,301
35,xamarin,287
36,xml,277
37,react-native,273
38,firebase,268
39,android-fusedlocation,267
40,android-activity,263
41,android-emulator,259
42,xamarin.android,236
43,skmaps,229
44,android-geofence,224
45,overlay,217
46,android-asynctask,212
47,map,204
48,nullpointerexception,204
49,android-service,196
50,infowindow,188
51,fragment,187
52,supportmapfragment,184
53,geocoding,181
54,google-location-services,170
55,kotlin,164
56,polyline,162
57,sqlite,160
58,google-polyline,155
59,navigation,153
60,firebase-realtime-database,152
61,osmdroid,152
62,c#,149
63,coordinates,143
64,android-permissions,141
65,geofencing,141
66,broadcastreceiver,139
67,compass-geolocation,138
68,distance,137
69,location-services,137
70,kml,136
71,react-native-maps,136
72,mobile,133
73,webview,131
74,mapfragment,131
75,google-geocoder,128
76,openstreetmap,123
77,php,123
78,markerclusterer,122
79,google-api-client,120
80,performance,119
81,ionic-framework,115
82,multithreading,115
83,dictionary,114
84,mysql,112
85,html5,110
86,permissions,110
87,iphone,107
88,nan,107
89,routes,105
90,bitmap,103
91,react-native-android,99
92,google-places,98
93,itemizedoverlay,96
94,google-play,95
95,reverse-geocoding,94
96,api-key,94
97,android-manifest,93
98,zoom,92
99,currentlocation,92
100,fusedlocationproviderclient,90
101,android-6.0-marshmallow,89
102,sms,89
103,xamarin.forms,87
104,android-maps-utils,87
105,directions,86
106,mapsforge,86
107,location-client,83
108,listview,83
109,networking,81
110,polygon,80
111,google-direction,79
112,mapactivity,76
113,mapbox,76
114,location-provider,75
115,gradle,75
116,android-fragmentactivity,74
117,mylocationoverlay,74
118,android-sensors,72
119,tracking,71
120,arraylist,70
121,image,68
122,navigation-drawer,68
123,listener,68
124,wifi,66
125,android-viewpager,65
126,button,65
127,accelerometer,64
128,autocomplete,63
129,background,62
130,database,62
131,crash,61
132,markers,61
133,android-pendingintent,60
134,android-gradle,58
135,sdk,57
136,animation,57
137,html,56
138,emulation,56
139,android-googleapiclient,56
140,bluetooth,54
141,google-street-view,53
142,mipmaps,53
143,android-8.0-oreo,53
144,android-recyclerview,52
145,android-alertdialog,52
146,augmented-reality,52
147,alarmmanager,51
148,android-wifi,51
149,arrays,50
150,titanium,50
151,android-webview,50
152,allocation,49
153,here-api,48
154,offline,48
155,angularjs,47
156,timer,47
157,proximity,47
158,position,47
159,geojson,47
160,google-geolocation,46
161,google-maps-mobile,46
162,geometry,46
163,direction,45
164,android-volley,45
165,unity3d,45
166,driving-directions,44
167,geofire,44
168,android-animation,44
169,mocking,44
170,search,44
171,parse-platform,43
172,camera,43
173,google-maps-direction-api,43
174,skobbler-maps,42
175,nmea,42
176,actionbarsherlock,41
177,dialog,41
178,notifications,41
179,web-services,40
180,genymotion,40
181,memory-leaks,40
182,jquery,40
183,algorithm,39
184,intentservice,39
185,android-listview,39
186,battery,39
187,textview,38
188,localization,38
189,android-maps-extensions,38
190,cordova-plugins,37
191,onclicklistener,37
192,exception,37
193,apk,37
194,bing-maps,36
195,gis,36
196,flutter,36
197,tabs,35
198,android-support-library,35
199,android-canvas,35
200,jquery-mobile,34
201,android-actionbar,34
202,out-of-memory,34
203,bearing,33
204,background-service,33
205,key,33
206,google-chrome,33
207,rotation,33
208,altitude,33
209,google-geocoding-api,33
210,sha1,33
211,opengl-es,32
212,sensor,32
213,google-static-maps,32
214,geopoints,32
215,facebook,31
216,draw,31
217,keytool,31
218,indoor-positioning-system,30
219,onclick,30
220,caching,30
221,handler,30
222,ionic2,30
223,exif,30
224,phonegap-plugins,29
225,wear-os,29
226,drawable,29
227,asynchronous,29
228,reactjs,29
229,sharedpreferences,28
230,geo,28
231,canvas,28
232,time,28
233,layout,27
234,ddms,27
235,build.gradle,27
236,icons,27
237,google-cloud-messaging,27
238,android-4.4-kitkat,27
239,settings,26
240,google-distancematrix-api,26
241,keystore,26
242,street-address,26
243,memory,26
244,import,26
245,location-based-service,26
246,picasso,26
247,android-context,26
248,math,26
249,arcgis,25
250,provider,25
251,android-sqlite,25
252,view,25
253,android-drawable,25
254,yandex-maps,25
255,heatmap,24
256,nativescript,24
257,python,24
258,appcelerator,24
259,google-indoor-maps,24
260,path,24
261,android-camera,24
262,user-interface,24
263,wakelock,23
264,debugging,23
265,alert,23
266,overlayitem,23
267,phonegap-build,23
268,delphi,23
269,tiles,23
270,string,23
271,ibm-mobilefirst,23
272,satellite,23
273,events,22
274,angular,22
275,push-notification,22
276,android-edittext,22
277,imageview,22
278,orientation,22
279,graphhopper,22
280,android-2.2-froyo,22
281,googleplacesautocomplete,22
282,retrofit,22
283,geocode,22
284,sql,22
285,avd,22
286,gmsplacepicker,21
287,manifest,21
288,null,21
289,unit-testing,21
290,intellij-idea,21
291,on-location-changed,21
292,android-notifications,21
293,runtime-permissions,20
294,ionic3,20
295,updates,20
296,userlocation,20
297,android-4.0-ice-cream-sandwich,20
298,routing,20
299,android-widget,20
300,drawing,20
301,android-custom-view,20
302,layout-inflater,20
303,overlays,20
304,autocompletetextview,20
305,android-5.0-lollipop,19
306,android-tabhost,19
307,google-latitude,19
308,bottom-sheet,19
309,gps-time,19
310,foursquare,19
311,bounds,19
312,web,19
313,admob,19
314,google-maps-sdk-ios,19
315,samsung-mobile,19
316,cellid,19
317,touch-event,19
318,testing,19
319,screenshot,19
320,foreground-service,19
321,class,19
322,activity-recognition,19
323,rx-java,18
324,qt,18
325,runtime-error,18
326,zooming,18
327,cluster-computing,18
328,android-keystore,18
329,browser,18
330,adb,18
331,background-process,18
332,looper,18
333,parsing,18
334,react-native-ios,17
335,google-earth,17
336,google-app-engine,17
337,hashmap,17
338,android-nested-fragment,17
339,inflate-exception,17
340,popup,17
341,noclassdeffounderror,17
342,map-directions,17
343,ionic,17
344,compass,17
345,callback,17
346,node.js,17
347,nutiteq,17
348,release,16
349,android-ndk,16
350,memory-management,16
351,app-inventor,16
352,dependencies,16
353,c++,16
354,authentication,16
355,geocoder,16
356,illegalargumentexception,15
357,gpx,15
358,scrollview,15
359,android-2.3-gingerbread,15
360,device,15
361,android-imageview,15
362,url,15
363,android-glide,15
364,tile,15
365,annotations,15
366,customization,15
367,android-view,15
368,google-cloud-firestore,15
369,file,15
370,google-maps-urls,14
371,libgdx,14
372,interface,14
373,wms,14
374,expo,14
375,cllocationmanager,14
376,android-inflate,14
377,locale,14
378,arduino,14
379,codenameone,14
380,bluetooth-lowenergy,14
381,adt,14
382,onresume,14
383,refresh,14
384,android-intentservice,14
385,triangulation,14
386,google-maps-android-api-1,14
387,mapbox-android,14
388,android-xml,14
389,android-coordinatorlayout,14
390,android-4.2-jelly-bean,14
391,oncreate,14
392,progressdialog,14
393,opengl-es-2.0,14
394,here-maps-rest,14
395,csv,14
396,core-location,13
397,battery-saver,13
398,graphics,13
399,uri,13
400,renderscript,13
401,smsmanager,13
402,google-nearby,13
403,server,13
404,layer,13
405,list,13
406,navigator,13
407,retrofit2,13
408,web-applications,13
409,android-broadcast,13
410,geotagging,13
411,android-settings,13
412,alarm,13
413,power-management,13
414,classnotfoundexception,13
415,logcat,13
416,toast,13
417,area,13
418,rest,13
419,android-handler,13
420,ssl,13
421,smartphone,13
422,android-lifecycle,13
423,touch,13
424,location-updates,12
425,google-directory-api,12
426,magnetometer,12
427,mapping,12
428,kalman-filter,12
429,http,12
430,garbage-collection,12
431,css,12
432,maven,12
433,android-doze,12
434,methods,12
435,gsm,12
436,popupwindow,12
437,eclipse-adt,12
438,w3c-geolocation,12
439,android-jobscheduler,12
440,offline-caching,12
441,google-fusion-tables,12
442,indexoutofboundsexception,12
443,geospatial,12
444,android-tabs,12
445,titanium-mobile,12
446,android-library,12
447,android-source,12
448,real-time,11
449,city,11
450,snapshot,11
451,colors,11
452,floating-action-button,11
453,security,11
454,map-projections,11
455,xamarin.ios,11
456,google-roads-api,11
457,sorting,11
458,ibeacon,11
459,surfaceview,11
460,gmsgroundoverlay,11
461,kmz,11
462,location-based,11
463,md5,11
464,timezone,11
465,drag,11
466,native,11
467,polygons,11
468,3g,11
469,3d,11
470,mapquest,11
471,optimization,11
472,mock-location,11
473,realm,11
474,traffic,11
475,searchview,11
476,dart,11
477,deprecated,11
478,haversine,11
479,ontouchlistener,11
480,blackberry,11
481,android-studio-3.0,10
482,broadcast,10
483,google-api-console,10
484,mono,10
485,uber-api,10
486,android-wake-lock,10
487,country,10
488,placeautocompletefragment,10
489,scroll,10
490,intervals,10
491,for-loop,10
492,sockets,10
493,gson,10
494,screen,10
495,telephonymanager,10
496,android-logcat,10
497,phonegap,10
498,forceclose,10
499,parcelable,10
500,sleep,10
501,android-3.0-honeycomb,10
502,root,10
503,android-resources,10
504,share,10
505,plugins,10
506,android-cardview,10
507,firebase-cloud-messaging,10
508,slidingmenu,10
509,genymotion-gps,10
510,google-plus,10
511,mvvmcross,10
512,esri-maps,10
513,android-9.0-pie,10
514,illegalstateexception,10
515,android-things,9
516,error-handling,9
517,click,9
518,gpsd,9
519,shortest-path,9
520,apple-maps,9
521,shapefile,9
522,video,9
523,gyroscope,9
524,swipe,9
525,android-dialogfragment,9
526,kivy,9
527,weather,9
528,kindle-fire,9
529,android-button,9
530,runtimeexception,9
531,text,9
532,pinchzoom,9
533,filter,9
534,google-gdk,9
535,android-navigation,9
536,android-bitmap,9
537,appium,9
538,authorization,9
539,material-design,9
540,android-7.0-nougat,9
541,intentfilter,9
542,pubnub,9
543,object,9
544,double,9
545,fatal-error,9
546,android-multidex,9
547,android-espresso,9
548,sencha-touch-2,9
549,mapkit,9
550,google-cloud-platform,9
551,widget,8
552,line,8
553,checkbox,8
554,runnable,8
555,datetime,8
556,android-sdk-2.1,8
557,facebook-graph-api,8
558,firemonkey,8
559,android-bluetooth,8
560,cross-platform,8
561,request,8
562,android-contentprovider,8
563,android-reactivelocation,8
564,apache-flex,8
565,location-aware,8
566,point-in-polygon,8
567,progress-bar,8
568,date,8
569,gprs,8
570,proguard,8
571,firebase-authentication,8
572,get,8
573,save,8
574,onpause,8
575,typescript,8
576,country-codes,8
577,gesture,8
578,waze,8
579,angle,8
580,ionic-native,8
581,timertask,8
582,android-appcompat,8
583,batterylevel,8
584,grid,8
585,certificate,8
586,screen-orientation,8
587,android-5.1.1-lollipop,8
588,delphi-xe5,8
589,esri,8
590,menu,8
591,cmd,8
592,geopositioning,8
593,rx-android,7
594,offlineapps,7
595,text-to-speech,7
596,tablet,7
597,metadata,7
598,xml-parsing,7
599,android-toolbar,7
600,cellular-network,7
601,mobile-application,7
602,google-fit,7
603,actionscript-3,7
604,gmsmapview,7
605,ngcordova,7
606,android-dialog,7
607,shape,7
608,android-sdk-2.3,7
609,phpmyadmin,7
610,junit,7
611,visual-studio,7
612,android-broadcastreceiver,7
613,android-alarms,7
614,postal-code,7
615,google-glass,7
616,balloon,7
617,ip-geolocation,7
618,usb,7
619,state,7
620,mbtiles,7
621,asp.net,7
622,android-workmanager,7
623,httpurlconnection,7
624,variables,7
625,hyperlink,7
626,android-networking,7
627,timestamp,7
628,leakcanary,7
629,telnet,7
630,leaflet,7
631,runtime,7
632,point,7
633,google-awareness,7
634,yandex,7
635,socket.io,7
636,drag-and-drop,7
637,nexus-5,7
638,appcelerator-titanium,7
639,storage,7
640,photo,7
641,android-loadermanager,7
642,blackberry-10,7
643,png,7
644,whatsapp,7
645,geoserver,7
646,arcore,7
647,objective-c,7
648,androidx,7
649,hybrid-mobile-app,7
650,android-testing,7
651,android-developer-api,7
652,ant,7
653,actionbarsherlock-map,7
654,android-adapter,7
655,send,7
656,macos,7
657,android-linearlayout,7
658,spoofing,6
659,django,6
660,android-json,6
661,heading,6
662,android-spinner,6
663,image-processing,6
664,citymaps,6
665,commonsware-cwac,6
666,tracker,6
667,android-background,6
668,client,6
669,android-augmented-reality,6
670,android-nestedscrollview,6
671,point-of-interest,6
672,bitmapshader,6
673,package,6
674,android-viewholder,6
675,angular2-nativescript,6
676,static,6
677,android-version,6
678,ntp,6
679,firebase-job-dispatcher,6
680,bitmapsource,6
681,logging,6
682,wikitude,6
683,clickable,6
684,if-statement,6
685,intel-xdk,6
686,android-build,6
687,google-maps-styled,6
688,external,6
689,nexus-7,6
690,fingerprint,6
691,vector,6
692,android-ui,6
693,windows-phone-8,6
694,android-8.1-oreo,6
695,loops,6
696,splash-screen,6
697,onactivityresult,6
698,onlongclicklistener,6
699,criteria,6
700,stack-overflow,6
701,synchronization,6
702,install,6
703,elevation,6
704,github,6
705,licensing,6
706,drawerlayout,6
707,worklight-geolocation,6
708,ui-thread,6
709,adapter,6
710,relativelayout,6
711,visual-studio-2015,5
712,power-saving,5
713,user-location,5
714,quadtree,5
715,linux,5
716,android-proguard,5
717,huawei,5
718,sharing,5
719,google-client,5
720,driver,5
721,searchbar,5
722,imagebutton,5
723,android-gnss,5
724,voice,5
725,version,5
726,relocation,5
727,android-progressbar,5
728,spinner,5
729,http-post,5
730,android-framelayout,5
731,facebook-android-sdk,5
732,status,5
733,ip,5
734,build,5
735,return,5
736,android-debug,5
737,mercator,5
738,wordpress,5
739,privacy,5
740,ruby-on-rails,5
741,svg,5
742,windows,5
743,jar,5
744,galaxy-tab,5
745,gtfs,5
746,bounding-box,5
747,ibeacon-android,5
748,timeout,5
749,move,5
750,sony,5
751,imagemap,5
752,classcastexception,5
753,meteor,5
754,httprequest,5
755,android-scrollview,5
756,java-native-interface,5
757,projection,5
758,ondraw,5
759,android-sdk-tools,5
760,foreground,5
761,algolia,5
762,arcgis-android-api,5
763,weather-api,5
764,google-signin,5
765,swift,5
766,universal-image-loader,5
767,android-tablayout,5
768,customdialog,5
769,design-patterns,5
770,padding,5
771,transparent,5
772,c,5
773,robolectric,5
774,expandablelistview,5
775,tags,5
776,highlight,5
777,mkmapview,5
778,nuget,5
779,gridview,5
780,android-install-apk,5
781,numberformatexception,5
782,statusbar,5
783,fragmentmanager,5
784,parse-server,5
785,android-looper,5
786,visibility,5
787,compiler-errors,5
788,lifecycle,5
789,firebaseui,5
790,yandex-api,5
791,tabactivity,5
792,file-location,5
793,publish,5
794,parameters,5
795,paint,5
796,precision,5
797,back-button,5
798,air,5
799,securityexception,4
800,mapbox-gl,4
801,whitelist,4
802,spoof,4
803,polylineoptions,4
804,beacon,4
805,tap,4
806,google-cardboard,4
807,currency,4
808,open-source,4
809,keymaps,4
810,live-wallpaper,4
811,wkt,4
812,android-browser,4
813,swiperefreshlayout,4
814,windows-mobile-gps,4
815,lg,4
816,google-now,4
817,google-search-api,4
818,dagger-2,4
819,android-studio-2.1,4
820,raspberry-pi,4
821,android-event,4
822,sleep-mode,4
823,android-syncadapter,4
824,shared-libraries,4
825,reboot,4
826,firebase-storage,4
827,fragment-lifecycle,4
828,store,4
829,coordinate-systems,4
830,eclipse-plugin,4
831,onsen-ui,4
832,reactive-programming,4
833,rx-java2,4
834,graph,4
835,pinch,4
836,positioning,4
837,audio,4
838,source-maps,4
839,angular-google-maps,4
840,controls,4
841,xamarin-studio,4
842,twitter,4
843,signals,4
844,tcp,4
845,hybrid,4
846,resolution,4
847,fragment-tab-host,4
848,oop,4
849,jpeg,4
850,.net,4
851,wait,4
852,bottomnavigationview,4
853,android-uiautomator,4
854,accessibility,4
855,talkback,4
856,heap,4
857,google-maps-engine,4
858,serialization,4
859,bundle,4
860,google-analytics,4
861,amazon-web-services,4
862,compatibility,4
863,random,4
864,inputstream,4
865,android-studio-2.2,4
866,digital-compass,4
867,draggable,4
868,sencha-touch,4
869,maproute,4
870,transparency,4
871,proximitysensor,4
872,offline-mode,4
873,recycler-adapter,4
874,galaxy,4
875,phone-number,4
876,android-tv,4
877,android-x86,4
878,polling,4
879,basic4android,4
880,android-hardware,4
881,qml,4
882,loading,4
883,detect,4
884,window.location,4
885,glsurfaceview,4
886,android-menu,4
887,oauth-2.0,4
888,scale,4
889,android-orientation,4
890,mymaps,4
891,progressive-web-apps,4
892,android-studio-2.3,4
893,installation,4
894,toggle,4
895,supl,4
896,google-elevation-api,4
897,delay,4
898,google-cloud-endpoints,4
899,implements,4
900,webkit,4
901,dalvik,4
902,baidu,4
903,bitmapfactory,4
904,overriding,4
905,iot,4
906,main-activity,4
907,thread-safety,4
908,android-bundle,4
909,email,4
910,java-me,4
911,configuration,4
912,countdowntimer,4
913,mapserver,4
914,android-room,4
915,android-mvp,4
916,dynamic,4
917,task,4
918,radius,4
919,user-permissions,4
920,sigsegv,4
921,screen-rotation,4
922,center,4
923,android-mediaplayer,4
924,data-binding,4
925,serial-port,3
926,nearest-neighbor,3
927,range,3
928,signal-strength,3
929,android-compatibility,3
930,client-server,3
931,android-mipmap,3
932,youtube,3
933,iframe,3
934,double-click,3
935,horizontal-scrolling,3
936,reminders,3
937,try-catch,3
938,chat,3
939,android-doze-and-standby,3
940,android-strictmode,3
941,machine-learning,3
942,triggers,3
943,sha,3
944,instance,3
945,localhost,3
946,sd-card,3
947,android-toast,3
948,nosuchmethoderror,3
949,yelp,3
950,reroute,3
951,picker,3
952,alerts,3
953,code-snippets,3
954,vuforia,3
955,instagram-api,3
956,aidl,3
957,resize,3
958,inner-classes,3
959,simulate,3
960,parcel,3
961,nexus-one,3
962,checkin,3
963,azimuth,3
964,android-package-managers,3
965,onbackpressed,3
966,views,3
967,process,3
968,overlap,3
969,android-1.5-cupcake,3
970,jobservice,3
971,utc,3
972,android-runonuithread,3
973,android-architecture-components,3
974,android-livedata,3
975,restart,3
976,proxy,3
977,https,3
978,nfc,3
979,google-apps,3
980,lua,3
981,corona,3
982,application-settings,3
983,android-popupwindow,3
984,singleton,3
985,android-collapsingtoolbarlayout,3
986,mapbox-marker,3
987,terrain,3
988,android-actionbar-compat,3
989,deep-linking,3
990,autorotate,3
991,monodevelop,3
992,mapstruct,3
993,android-sliding,3
994,url-scheme,3
995,cdma,3
996,r.java-file,3
997,resources,3
998,garmin,3
999,android-image,3
1000,appcelerator-mobile,3
1001,calendar,3
1002,android-appwidget,3
1003,functional-testing,3
1004,android-c2dm,3
1005,savestate,3
1006,implementation,3
1007,post,3
1008,cloud,3
1009,webchromeclient,3
1010,android-2.1-eclair,3
1011,routeboxer,3
1012,xcode,3
1013,animated-gif,3
1014,dijkstra,3
1015,fragmentpageradapter,3
1016,windows-phone,3
1017,google-chrome-app,3
1018,android-elevation,3
1019,hardware,3
1020,pdf,3
1021,device-admin,3
1022,pan,3
1023,openweathermap,3
1024,rate,3
1025,activity-lifecycle,3
1026,trilateration,3
1027,android-arrayadapter,3
1028,gmsplace,3
1029,signed-apk,3
1030,android-searchmanager,3
1031,collision-detection,3
1032,android-applicationinfo,3
1033,androiddesignsupport,3
1034,landscape,3
1035,coordinate,3
1036,internet-connection,3
1037,height,3
1038,centering,3
1039,sql-server,3
1040,crash-reports,3
1041,arabic,3
1042,mobile-development,3
1043,render,3
1044,ontouch,3
1045,slidingdrawer,3
1046,coding-style,3
1047,contextmenu,3
1048,android-savedstate,3
1049,android-statusbar,3
1050,android-ibeacon,3
1051,zipcode,3
1052,appcompatactivity,3
1053,plot,3
1054,sony-xperia,3
1055,z-index,3
1056,inflate,3
1057,textures,3
1058,mobile-website,3
1059,material,3
1060,android-signing,3
1061,css3,3
1062,intersection,3
1063,action,3
1064,android-service-binding,3
1065,coordinate-transformation,3
1066,database-design,3
1067,android-wireless,3
1068,tomtom,3
1069,windows-phone-7,3
1070,permission-denied,3
1071,network-programming,3
1072,mvvm,3
1073,stringbuilder,3
1074,google-play-console,3
1075,spring,3
1076,google-developers-console,3
1077,reload,3
1078,regex,3
1079,xaml,3
1080,linkify,3
1081,slider,3
1082,custom-overlay,3
1083,dji-sdk,3
1084,maptiler,3
1085,quickblox,3
1086,android-internet,3
1087,google-cloud-datastore,3
1088,parse-android-sdk,3
1089,export,3
1090,android-4.3-jelly-bean,3
1091,arduino-uno,3
1092,blackberry-android,3
1093,miui,3
1094,postgresql,3
1095,gesture-recognition,3
1096,textbox,3
1097,andengine,3
1098,drawer,3
1099,motorola,3
1100,validation,3
1101,gwt,3
1102,abstract-class,3
1103,qpython,3
1104,horizontal-accuracy,3
1105,sygic,3
1106,webserver,3
1107,spatial,3
1108,android-homebutton,3
1109,android-api-levels,3
1110,android-sharedpreferences,3
1111,multi-touch,3
1112,syntax,3
1113,components,3
1114,npm,3
1115,activitynotfoundexception,3
1116,cordova-3,3
1117,styling,3
1118,vibration,3
1119,filtering,3
1120,spring-boot,3
1121,convex-polygon,3
1122,connection,3
1123,android-intent-chooser,3
1124,sl4a,3
1125,pushpin,3
1126,pointers,3
1127,show-hide,3
1128,text-files,3
1129,googleio,3
1130,servlets,3
1131,dynamic-memory-allocation,3
1132,ionic4,3
1133,integer,3
1134,libraries,3
1135,listviewitem,3
1136,location-button,3
1137,concurrency,3
1138,locking,3
1139,frameworks,3
1140,average,3
1141,exception-handling,3
1142,google-tv,3
1143,xmpp,3
1144,twebbrowser,3
1145,sygic-mobile-sdk,3
1146,device-owner,3
1147,limit,3
1148,offset,3
1149,windows-mobile,3
1150,sample,3
1151,rgb,3
1152,casting,3
1153,decimal,3
1154,file-io,3
1155,scala,3
1156,loader,3
1157,airbnb,3
1158,amazon-dynamodb,3
1159,android-cursoradapter,2
1160,linq,2
1161,multidimensional-array,2
1162,function,2
1163,blurry,2
1164,encoding,2
1165,hierarchical-clustering,2
1166,fuse,2
1167,google-plus-signin,2
1168,python-3.x,2
1169,bing,2
1170,amazon,2
1171,bind,2
1172,objectanimator,2
1173,git,2
1174,custom-adapter,2
1175,replace,2
1176,ffmpeg,2
1177,shutdown,2
1178,byte,2
1179,ios5,2
1180,oauth,2
1181,break,2
1182,scheduled-tasks,2
1183,firebase-notifications,2
1184,path-finding,2
1185,show,2
1186,android-actionbaractivity,2
1187,dialogfragment,2
1188,android-windowmanager,2
1189,fresco,2
1190,styles,2
1191,quickaction,2
1192,bezier,2
1193,estimote,2
1194,dismiss,2
1195,gettime,2
1196,sliding,2
1197,iso,2
1198,flurry,2
1199,dependency-injection,2
1200,fragment-backstack,2
1201,rectangles,2
1202,select,2
1203,4g,2
1204,bitmapimage,2
1205,pitch,2
1206,nine-patch,2
1207,loopj,2
1208,w3c,2
1209,user-input,2
1210,create-react-native-app,2
1211,httpclient,2
1212,cllocation,2
1213,mkreversegeocoder,2
1214,android-gesture,2
1215,in-app-billing,2
1216,robotics,2
1217,drone,2
1218,wifimanager,2
1219,embedded,2
1220,ndef,2
1221,extends,2
1222,android-studio-2.0,2
1223,fixed,2
1224,cardview,2
1225,automation,2
1226,automated-tests,2
1227,ondestroy,2
1228,android-studio-3.1,2
1229,flash,2
1230,mobile-phones,2
1231,load,2
1232,push,2
1233,custom-controls,2
1234,android-graphview,2
1235,driving-distance,2
1236,android-videoview,2
1237,fragmenttransaction,2
1238,ram,2
1239,android-support-design,2
1240,appcompat-v7-r23,2
1241,shell,2
1242,android-theme,2
1243,http-get,2
1244,google-account,2
1245,wireless,2
1246,pagerslidingtabstrip,2
1247,ios4,2
1248,commonsware,2
1249,listadapter,2
1250,delphi-10.2-tokyo,2
1251,frequency,2
1252,shapes,2
1253,aapt,2
1254,factory,2
1255,sign,2
1256,google-maps-embed,2
1257,google-fit-sdk,2
1258,locate,2
1259,android-renderscript,2
1260,spring-mvc,2
1261,job-scheduling,2
1262,data-structures,2
1263,rails-geocoder,2
1264,visual-studio-cordova,2
1265,custom-renderer,2
1266,android-accessibility,2
1267,android-wear-data-api,2
1268,reversegeocodelocation,2
1269,nexus-s,2
1270,phonegap-gmaps-plugin,2
1271,android-notification-bar,2
1272,fullscreen,2
1273,keyword,2
1274,signing,2
1275,dex,2
1276,unity2d,2
1277,transit,2
1278,mobile-safari,2
1279,samsung-galaxy,2
1280,mongodb,2
1281,neshan,2
1282,neshan-android-sdk,2
1283,viewpropertyanimator,2
1284,panoramas,2
1285,photosphere,2
1286,activity-transition,2
1287,signature,2
1288,android-lru-cache,2
1289,eclipse-memory-analyzer,2
1290,search-box,2
1291,finder,2
1292,download,2
1293,android-appbarlayout,2
1294,message,2
1295,react-native-navigation,2
1296,delphi-xe6,2
1297,self-signed,2
1298,panning,2
1299,netbeans,2
1300,login,2
1301,android-paging,2
1302,repeatingalarm,2
1303,android-os-handler,2
1304,libc,2
1305,seekbar,2
1306,module,2
1307,pusher,2
1308,listeners,2
1309,google-login,2
1310,android-parser,2
1311,ajax,2
1312,android-icons,2
1313,taskmanager,2
1314,system,2
1315,android-device-monitor,2
1316,signed,2
1317,batterymanager,2
1318,tabwidget,2
1319,soap,2
1320,scalability,2
1321,ipc,2
1322,autostart,2
1323,slidingpanelayout,2
1324,shadow,2
1325,containers,2
1326,android-jetpack,2
1327,android-anr-dialog,2
1328,executorservice,2
1329,duration,2
1330,android-securityexception,2
1331,wifi-direct,2
1332,android-contacts,2
1333,google-photos,2
1334,promise,2
1335,database-connection,2
1336,panoramio,2
1337,rssi,2
1338,apache,2
1339,raycasting,2
1340,wampserver,2
1341,google-oauth,2
1342,inheritance,2
1343,infoview,2
1344,yandex-mapkit,2
1345,textwatcher,2
1346,geography,2
1347,linux-kernel,2
1348,openlayers,2
1349,neura,2
1350,buildpath,2
1351,viewswitcher,2
1352,asynccallback,2
1353,tomtom-android-sdk,2
1354,bluestacks,2
1355,android-databinding,2
1356,oncreateoptionsmenu,2
1357,android-launcher,2
1358,developer-console,2
1359,a-star,2
1360,android-cursor,2
1361,simplecursoradapter,2
1362,otto,2
1363,android-memory,2
1364,activity-finish,2
1365,android-datepicker,2
1366,telephony,2
1367,autosuggest,2
1368,cordova-2.0.0,2
1369,sequence,2
1370,nativescript-google-maps-sdk,2
1371,android-task,2
1372,switch-statement,2
1373,setcontentview,2
1374,scheduler,2
1375,android-snackbar,2
1376,package-name,2
1377,count,2
1378,subactivity,2
1379,qtquick2,2
1380,networkonmainthread,2
1381,matrix,2
1382,migration,2
1383,tooltip,2
1384,long-click,2
1385,contentobserver,2
1386,firebase-test-lab,2
1387,motion,2
1388,activitygroup,2
1389,observable,2
1390,su,2
1391,custom-scrolling,2
1392,label,2
1393,hide,2
1394,responsive-design,2
1395,android-touch-event,2
1396,cpu,2
1397,usability,2
1398,ubuntu,2
1399,extract,2
1400,xml-drawable,2
1401,baseadapter,2
1402,mobile-country-code,2
1403,query-string,2
1404,aquery,2
1405,android-gridview,2
1406,azure,2
1407,android-optionsmenu,2
1408,jdbc,2
1409,getter-setter,2
1410,osmosis,2
1411,ip-address,2
1412,types,2
1413,google-url-shortener,2
1414,windows-7,2
1415,format,2
1416,image-rotation,2
1417,android-assets,2
1418,preferenceactivity,2
1419,arguments,2
1420,launch,2
1421,floating-point,2
1422,togglebutton,2
1423,jsonresponse,2
1424,io,2
1425,code-structure,2
1426,markermanager,2
1427,mobilefirst-geolocation,2
1428,lag,2
1429,lockscreen,2
1430,air-native-extension,2
1431,backend,2
1432,region,2
1433,points,2
1434,syntax-error,2
1435,dms,2
1436,overlapping,2
1437,tasker,2
1438,httpconnection,2
1439,jobintentservice,2
1440,detection,2
1441,mobile-devices,2
1442,doze,2
1443,recursion,2
1444,main,2
1445,pins,2
1446,cluster-analysis,2
1447,nativeapplication,2
1448,bus,2
1449,react-animated,2
1450,react-android,2
1451,openmap,2
1452,blur,2
1453,user-experience,2
1454,popup-balloons,2
1455,constructor,2
1456,pojo,2
1457,wgs84,2
1458,measure,2
1459,android-design-library,2
1460,google-play-developer-api,2
1461,schedule,2
1462,binary,2
1463,silent,2
1464,eventtrigger,2
1465,cell,2
1466,android-tabactivity,2
1467,gsp,2
1468,linker-errors,2
1469,switching,2
1470,failed-installation,2
1471,greendroid,2
1472,verifyerror,2
1473,gradient,2
1474,javafx,2
1475,gluon,2
1476,child-fragment,2
1477,touchscreen,2
1478,android-tabbed-activity,2
1479,firefox,2
1480,assets,2
1481,stackmob,2
1482,android-holo-everywhere,2
1483,jsoup,2
1484,android-overlay,2
1485,processing,2
1486,react-redux,2
1487,scaling,2
1488,sygic-maps,2
1489,cakephp,2
1490,edit,2
1491,instagram,2
1492,http-headers,2
1493,size,2
1494,development-environment,2
1495,compare,2
1496,colorfilter,2
1497,serializable,2
1498,instantiation,2
1499,android-file,2
1500,archos,2
1501,formatting,2
1502,hash,2
1503,default,2
1504,utility,2
1505,datepicker,2
1506,calabash-android,2
1507,sensormanager,2
1508,altbeacon,2
1509,concurrentmodification,2
1510,sbt,2
1511,parameter-passing,2
1512,google-api-java-client,2
1513,iterator,2
1514,google-console-developer,2
1515,flex4.5,2
1516,2d,2
1517,binding,2
1518,importerror,2
1519,viewgroup,2
1520,this,2
1521,energy,2
1522,asmack,2
1523,vector-graphics,2
1524,cyanogenmod,2
1525,adafruit,2
1526,mysqli,2
1527,android-listfragment,2
1528,monitoring,2
1529,android-softkeyboard,2
1530,raspberry-pi3,2
1531,fonts,2
1532,input,2
1533,google-maps-timezone,2
1534,bootcompleted,2
1535,trigonometry,2
1536,buttonclick,2
1537,xamarin-forms,2
1538,interpolation,2
1539,cycle,2
1540,android-sms,2
1541,computational-geometry,2
1542,uart,2
1543,open-location-code,2
1544,android-architecture-navigation,2
1545,xamarin.forms.labs,1
1546,crop,1
1547,clickable-image,1
1548,arcgis-server,1
1549,oneplusone,1
1550,android-styles,1
1551,google-drive-android-api,1
1552,mathematical-optimization,1
1553,cts,1
1554,geoip,1
1555,embed,1
1556,integrate,1
1557,profiling,1
1558,obfuscation,1
1559,mdm,1
1560,font-awesome,1
1561,intrinsics,1
1562,general-network-error,1
1563,orientation-changes,1
1564,boundary,1
1565,command-line-interface,1
1566,footer,1
1567,md5-file,1
1568,currency-formatting,1
1569,bluetooth-keyboard,1
1570,jave,1
1571,openlayers-3,1
1572,strict-mode,1
1573,dependency-management,1
1574,datasource,1
1575,jbutton,1
1576,javacv,1
1577,lazy-loading,1
1578,android-lazyloading,1
1579,legend,1
1580,nativescript-plugin,1
1581,include,1
1582,duplicates,1
1583,android-search,1
1584,achartengine,1
1585,gimbal,1
1586,blackberry-playbook,1
1587,population,1
1588,kotlinx.coroutines,1
1589,webviewclient,1
1590,enterprise,1
1591,administration,1
1592,build-process,1
1593,unmarshalling,1
1594,equation,1
1595,watch,1
1596,pull,1
1597,clgeocoder,1
1598,flexbuilder,1
1599,image-loading,1
1600,drawimage,1
1601,relative,1
1602,d3.js,1
1603,nullreferenceexception,1
1604,jsonschema2pojo,1
1605,create-react-app,1
1606,kudan,1
1607,simulation,1
1608,jsf,1
1609,symbian,1
1610,tcp-ip,1
1611,pandas,1
1612,jitter,1
1613,c++builder,1
1614,built-in,1
1615,integration,1
1616,in-app-purchase,1
1617,virtualbox,1
1618,google-schemas,1
1619,setting,1
1620,menuitem,1
1621,android-instant-apps,1
1622,beagleboard,1
1623,google-translate,1
1624,administrator,1
1625,floor,1
1626,hashcode,1
1627,trust,1
1628,app-id,1
1629,android-studio-3.3,1
1630,badparcelableexception,1
1631,delphi-10.3-rio,1
1632,simulator,1
1633,graph-theory,1
1634,css-position,1
1635,mkpolyline,1
1636,android-security,1
1637,slowdown,1
1638,local-storage,1
1639,localbroadcastmanager,1
1640,location-href,1
1641,android-pageradapter,1
1642,fill,1
1643,jdk1.6,1
1644,valueconverter,1
1645,realm-java,1
1646,account,1
1647,dynamic-data,1
1648,callout,1
1649,countdownlatch,1
1650,xamarin.mobile,1
1651,trigger.io,1
1652,forge,1
1653,placeholder,1
1654,near-real-time,1
1655,tld,1
1656,android-fonts,1
1657,android-typeface,1
1658,profile,1
1659,qtlocation,1
1660,android-togglebutton,1
1661,autolink,1
1662,notification-listener,1
1663,android-download-manager,1
1664,ksoap,1
1665,friend,1
1666,information-retrieval,1
1667,handle,1
1668,arr,1
1669,tabview,1
1670,screen-capture,1
1671,nokia,1
1672,compilation,1
1673,background-task,1
1674,loadimage,1
1675,sip,1
1676,hardware-acceleration,1
1677,ractivejs,1
1678,vungle-ads,1
1679,smali,1
1680,television,1
1681,google-place-report,1
1682,stream,1
1683,jelly,1
1684,billing,1
1685,remove-if,1
1686,google-maps-flutter,1
1687,tagging,1
1688,360-panorama-viewer,1
1689,google-vr-sdk,1
1690,crud,1
1691,numbers,1
1692,virtual,1
1693,listactivity,1
1694,explicit-intent,1
1695,image-editing,1
1696,mouseevent,1
1697,readability,1
1698,ioio,1
1699,smoothing,1
1700,wso2,1
1701,wso2-emm,1
1702,nodemcu,1
1703,arduino-esp8266,1
1704,account-kit,1
1705,comparison,1
1706,while-loop,1
1707,openseamap,1
1708,pressure,1
1709,radio-button,1
1710,opencl,1
1711,digital-signature,1
1712,google-plugin-eclipse,1
1713,long-integer,1
1714,jsx,1
1715,fragmentstatepageradapter,1
1716,jboss7.x,1
1717,restrict,1
1718,inherited-widget,1
1719,overwrite,1
1720,command,1
1721,appserver,1
1722,amazon-fire-tv,1
1723,preload,1
1724,ipad,1
1725,hex,1
1726,call,1
1727,marshalling,1
1728,meta-tags,1
1729,android-date,1
1730,space-partitioning,1
1731,iconic,1
1732,remember-me,1
1733,appsettings,1
1734,geographic-distance,1
1735,showuserlocation,1
1736,web-frameworks,1
1737,keyboard,1
1738,opengts,1
1739,android-relativelayout,1
1740,amazon-appstore,1
1741,gamepad,1
1742,flex-mobile,1
1743,lint,1
1744,xamarin.droid,1
1745,fragment-shader,1
1746,level-of-detail,1
1747,brightness,1
1748,dropshadow,1
1749,tinder,1
1750,ubuntu-14.04,1
1751,listings,1
1752,delphi-10.1-berlin,1
1753,user-activity,1
1754,cursor,1
1755,xsd,1
1756,ocr,1
1757,seconds,1
1758,background-application,1
1759,service-application,1
1760,repeat,1
1761,solid-principles,1
1762,termux,1
1763,udpclient,1
1764,google-apps-script,1
1765,google-sheets,1
1766,openal,1
1767,viewlayout,1
1768,display,1
1769,amazon-sqs,1
1770,google-beacon-platform,1
1771,arcgis-js-api,1
1772,ionic-view,1
1773,ios-simulator,1
1774,nexus-10,1
1775,destroy,1
1776,glympse,1
1777,bytearray,1
1778,filesystems,1
1779,p2p,1
1780,where-clause,1
1781,geofirestore,1
1782,viewdraghelper,1
1783,ui-automation,1
1784,silverlight,1
1785,arcmap,1
1786,opera,1
1787,opera-mobile,1
1788,nestedscrollview,1
1789,android-youtube-api,1
1790,selector,1
1791,android-mvvm,1
1792,server-side,1
1793,client-side,1
1794,removeall,1
1795,workmanagers,1
1796,availability,1
1797,scatter,1
1798,distance-matrix,1
1799,koin,1
1800,mockk,1
1801,transition,1
1802,ingress-game,1
1803,flicker,1
1804,google-style-guide,1
1805,google-contacts-api,1
1806,invalidation,1
1807,highlighting,1
1808,separation-of-concerns,1
1809,async-await,1
1810,slideup,1
1811,standby,1
1812,quit,1
1813,countdown,1
1814,android-4.1-jelly-bean,1
1815,connection-timeout,1
1816,init,1
1817,bots,1
1818,android-usb,1
1819,drivers,1
1820,event-listener,1
1821,pixel,1
1822,collections,1
1823,pod,1
1824,pandaboard,1
1825,autofocus,1
1826,antialiasing,1
1827,aliasing,1
1828,google-earth-plugin,1
1829,mkusertrackingmode,1
1830,integration-testing,1
1831,openframeworks,1
1832,anti-cheat,1
1833,android-powermanager,1
1834,window.open,1
1835,actionview,1
1836,java-threads,1
1837,hud,1
1838,flask,1
1839,ruby-on-rails-3,1
1840,host,1
1841,geohashing,1
1842,square,1
1843,passive-mode,1
1844,visualization,1
1845,uribuilder,1
1846,disable,1
1847,gesturedetector,1
1848,osmbonuspack,1
1849,proxy-server,1
1850,fileoutputstream,1
1851,illegalaccessexception,1
1852,geonames,1
1853,blackberry-eclipse-plugin,1
1854,quota,1
1855,single-instance,1
1856,touch-location,1
1857,google-cloud-storage,1
1858,building,1
1859,okhttp3,1
1860,spatialite,1
1861,intel,1
1862,excel,1
1863,ads,1
1864,ripple,1
1865,game-engine,1
1866,tango,1
1867,conflicting-libraries,1
1868,wakeup,1
1869,linked-list,1
1870,air-android,1
1871,serviceconnection,1
1872,hang,1
1873,stopwatch,1
1874,grpc-java,1
1875,dto,1
1876,raspberry-pi2,1
1877,android-transitions,1
1878,shared-element-transition,1
1879,future,1
1880,clear-cache,1
1881,gmail,1
1882,jar-signing,1
1883,settext,1
1884,titanium-android,1
1885,native-base,1
1886,isometric,1
1887,ios7,1
1888,manual,1
1889,threadpoolexecutor,1
1890,gatt,1
1891,selenium,1
1892,hashtable,1
1893,kotlin-extension,1
1894,httpresponse,1
1895,android-instant-run,1
1896,instant-run,1
1897,copy,1
1898,dynamic-programming,1
1899,filepath,1
1900,salesforce,1
1901,geotiff,1
1902,google-calendar-api,1
1903,asp.net-mvc,1
1904,extend,1
1905,jquery-ui-map,1
1906,asp.net-mvc-4,1
1907,ota,1
1908,video-capture,1
1909,custom-component,1
1910,screen-off,1
1911,safetynet,1
1912,personalization,1
1913,command-line,1
1914,scatter-plot,1
1915,windev,1
1916,media,1
1917,uploading,1
1918,appium-android,1
1919,oracle,1
1920,browser-cache,1
1921,demo,1
1922,end-of-line,1
1923,gears,1
1924,kotlin-lateinit,1
1925,qpython3,1
1926,vector-tiles,1
1927,handshake,1
1928,statelistdrawable,1
1929,velocity,1
1930,material-components-android,1
1931,deviation,1
1932,profiler,1
1933,bluez,1
1934,raspbian,1
1935,android-camera-intent,1
1936,kony,1
1937,client-library,1
1938,baidu-map,1
1939,backpressure,1
1940,twitter-bootstrap-3,1
1941,android-constraintlayout,1
1942,tomcat,1
1943,real-time-updates,1
1944,viewpagerindicator,1
1945,uiswipegesturerecognizer,1
1946,user-profile,1
1947,heroku,1
1948,location-history,1
1949,dpi,1
1950,messaging,1
1951,laravel-5,1
1952,oracle10g,1
1953,unauthorized,1
1954,jsonobject,1
1955,xposed,1
1956,android-query,1
1957,social-networking,1
1958,mjpeg,1
1959,android-imagebutton,1
1960,htc-hero,1
1961,jasonette,1
1962,merge-conflict-resolution,1
1963,skip,1
1964,apache-httpcomponents,1
1965,filenames,1
1966,bugsnag,1
1967,geoapi,1
1968,dataadapter,1
1969,background-thread,1
1970,classnotfound,1
1971,build-error,1
1972,onchange,1
1973,info,1
1974,warm-up,1
1975,opengl-es-1.1,1
1976,transmission,1
1977,ellipse,1
1978,elastic-beanstalk,1
1979,restriction,1
1980,device-orientation,1
1981,windows-server-2008,1
1982,ui-patterns,1
1983,android-timer,1
1984,playback,1
1985,type-conversion,1
1986,qt5,1
1987,bmp,1
1988,inmobi,1
1989,hypotenuse,1
1990,sim-card,1
1991,freeze,1
1992,storing-data,1
1993,smartface.io,1
1994,zone,1
1995,uinavigationcontroller,1
1996,cpu-usage,1
1997,eclipse-mat,1
1998,ping,1
1999,density-independent-pixel,1
2000,assign,1
2001,opencsv,1
2002,transfer,1
2003,tilt-sensor,1
2004,astronomy,1
2005,typeconverter,1
2006,gif,1
2007,yahoo-weather-api,1
2008,xml-namespaces,1
2009,android-screen-support,1
2010,asynchttpclient,1
2011,asp.net-web-api,1
2012,architecture,1
2013,unique,1
2014,google-form-quiz,1
2015,maxmind,1
2016,android-backup-service,1
2017,cocos2d-iphone,1
2018,cocos2d-android,1
2019,tmx,1
2020,platform,1
2021,discrete-mathematics,1
2022,multiple-inheritance,1
2023,stack-trace,1
2024,amazon-sns,1
2025,timing,1
2026,web-frontend,1
2027,projective-geometry,1
2028,noise,1
2029,sim-toolkit,1
2030,event-handling,1
2031,format-conversion,1
2032,redmi-device,1
2033,oppo,1
2034,srgb,1
2035,global,1
2036,android-navigationview,1
2037,android-jsinterface,1
2038,3d-mapping,1
2039,translate-animation,1
2040,imagemapster,1
2041,not-exists,1
2042,rotateanimation,1
2043,indexing,1
2044,manual-testing,1
2045,infobox,1
2046,instabug,1
2047,zomato-api,1
2048,resource-id,1
2049,xampp,1
2050,sony-smartwatch,1
2051,dual-sim,1
2052,controller,1
2053,contacts,1
2054,alignment,1
2055,sentry,1
2056,copyright-display,1
2057,disabled-input,1
2058,google-search-appliance,1
2059,safari,1
2060,recycle,1
2061,html-framework-7,1
2062,estimation,1
2063,steroids,1
2064,supersonic,1
2065,map-api,1
2066,k-means,1
2067,stacklayout,1
2068,graphical-logo,1
2069,scheduledexecutorservice,1
2070,qgis,1
2071,utm,1
2072,themes,1
2073,google-datalayer,1
2074,http-referer,1
2075,crowdsourcing,1
2076,nexus,1
2077,audit,1
2078,react-native-linking,1
2079,roadmap,1
2080,android.mk,1
2081,rename,1
2082,spannablestring,1
2083,cardslib,1
2084,jsp,1
2085,date-of-birth,1
2086,screen-lock,1
2087,cordova-plugin-fcm,1
2088,slide,1
2089,firebase-in-app-messaging,1
2090,twitter4j,1
2091,tweets,1
2092,android-application-class,1
2093,android-lint,1
2094,flutter-layout,1
2095,groovy,1
2096,addressbook,1
2097,osgeo,1
2098,couchbase,1
2099,couchbase-lite,1
2100,transitions,1
2101,xamarin.forms.maps,1
2102,azure-maps,1
2103,codeigniter,1
2104,photos,1
2105,google-data-api,1
2106,cellinfo,1
2107,application-lifecycle,1
2108,google-maps-lite,1
2109,endpoints,1
2110,uses,1
2111,dynamic-allocation,1
2112,react-navigation,1
2113,data-processing,1
2114,probability-density,1
2115,probability-distribution,1
2116,react-native-webview,1
2117,worker,1
2118,kotlin-android-extensions,1
2119,rendering,1
2120,mobile-app-tracker,1
2121,threadpool,1
2122,hexagonal-tiles,1
2123,edge-detection,1
2124,sync,1
2125,java-8,1
2126,wpf,1
2127,wcf,1
2128,fedora,1
2129,android-app-ops,1
2130,parent-child,1
2131,xiaomi,1
2132,gestures,1
2133,disconnected,1
2134,microsoft-metro,1
2135,3g-network,1
2136,monaca,1
2137,communication,1
2138,redux,1
2139,expand,1
2140,shrink,1
2141,portrait,1
2142,floating-point-precision,1
2143,speech-recognition,1
2144,voice-recognition,1
2145,homescreen,1
2146,inputstreamreader,1
2147,reverse,1
2148,default-programs,1
2149,overheating,1
2150,recorder,1
2151,recording,1
2152,tree,1
2153,google-drive-api,1
2154,boot,1
2155,offsite,1
2156,unlock,1
2157,android-sdcard,1
2158,shapedrawable,1
2159,mailcore2,1
2160,android-contentresolver,1
2161,bitmapdata,1
2162,uuid,1
2163,nativescript-angular,1
2164,user-accounts,1
2165,linear-gradients,1
2166,picture-in-picture,1
2167,system-services,1
2168,margin,1
2169,credentials,1
2170,mutex,1
2171,500px,1
2172,twilio,1
2173,android-min-sdk,1
2174,onsen-ui2,1
2175,twitter-bootstrap,1
2176,choregraphe,1
2177,deserialization,1
2178,android-tablelayout,1
2179,upload,1
2180,options,1
2181,infobubble,1
2182,sax,1
2183,world-map,1
2184,android-phone-call,1
2185,android-subscriptionmanager,1
2186,visual-studio-2017,1
2187,react-native-scrollview,1
2188,opacity,1
2189,microphone,1
2190,ssl-certificate,1
2191,int,1
2192,uid,1
2193,android-storage,1
2194,internationalization,1
2195,coroutine,1
2196,mat,1
2197,clicklistener,1
2198,anchor,1
2199,google-authentication,1
2200,data-conversion,1
2201,virtual-tour,1
2202,apn,1
2203,websocket,1
2204,restful-authentication,1
2205,categories,1
2206,webgl-earth,1
2207,completionhandler,1
2208,items,1
2209,d-pad,1
2210,smooth-scrolling,1
2211,copy-paste,1
2212,spring-security,1
2213,selection,1
2214,setfocus,1
2215,google-streetview-publish,1
2216,screen-resolution,1
2217,populate,1
2218,line-breaks,1
2219,text-align,1
2220,sql-server-2008,1
2221,makefile,1
2222,here-autocomplete,1
2223,caption,1
2224,zebra,1
2225,coffeescript,1
2226,image-capture,1
2227,startactivityforresult,1
2228,lowpass-filter,1
2229,google-gears,1
2230,titanium-alloy,1
2231,get-request,1
2232,listview-adapter,1
2233,difference,1
2234,explicit,1
2235,project-setup,1
2236,dashclock,1
2237,clear,1
2238,bindservice,1
2239,back,1
2240,react-native-camera,1
2241,progress,1
2242,android-loader,1
2243,release-mode,1
2244,virtualization,1
2245,vbox,1
2246,subclass,1
2247,bytebuffer,1
2248,floatbuffer,1
2249,roboguice,1
2250,pixel-ratio,1
2251,android-runtime,1
2252,hsl,1
2253,ggmap,1
2254,image-load,1
2255,url-parameters,1
2256,file-format,1
2257,sencha-architect,1
2258,android-webservice,1
2259,r,1
2260,reconnect,1
2261,kill,1
2262,packages,1
2263,geomap,1
2264,xmlserializer,1
2265,smcalloutview,1
2266,set,1
2267,persistence,1
2268,swipe-gesture,1
2269,flash-builder,1
2270,signal-processing,1
2271,ksoap2,1
2272,benchmarking,1
2273,performance-testing,1
2274,axes,1
2275,publishing,1
2276,google-apps-marketplace,1
2277,cordova-2.7.0,1
2278,typed-arrays,1
2279,jfeinstein,1
2280,android-scroll,1
2281,ubuntu-11.04,1
2282,focus,1
2283,ruby,1
2284,pycharm,1
2285,false-positive,1
2286,trackball,1
2287,phone-call,1
2288,callouts,1
2289,xmlpullparser,1
2290,android-auto,1
2291,character-encoding,1
2292,ehcache,1
2293,getfeatureinfo,1
2294,identifier,1
2295,control-flow,1
2296,unbind,1
2297,weighted,1
2298,reverse-proxy,1
2299,imei,1
2300,object-persistence,1
2301,utf-8,1
2302,qr-code,1
2303,postgis,1
2304,non-unicode,1
2305,ioexception,1
2306,encapsulation,1
2307,multi-device-hybrid-apps,1
2308,folding,1
2309,android-1.6-donut,1
2310,android-cursorloader,1
2311,ethernet,1
2312,setbounds,1
2313,record,1
2314,video-processing,1
2315,remote-access,1
2316,temporary,1
2317,flex4.6,1
2318,scheduling,1
2319,cocoa-touch,1
2320,airplane,1
2321,finalize,1
2322,zero,1
2323,android-productflavors,1
2324,data-synchronization,1
2325,cryptography,1
2326,license-key,1
2327,warnings,1
2328,ilist,1
2329,animated,1
2330,java-web-start,1
2331,angularjs-directive,1
2332,opencv,1
2333,phonegap-desktop-app,1
2334,upgrade,1
2335,mutable,1
2336,time-series,1
2337,x86,1
2338,motorola-droid,1
2339,pom.xml,1
2340,fragment-transitions,1
2341,moto-360,1
2342,robotium,1
2343,junit3,1
2344,cakephp-3.0,1
2345,android-mnc,1
2346,bufferedreader,1
2347,windows-10,1
2348,satellite-image,1
2349,google-local-search,1
2350,requestfactory,1
2351,odata,1
2352,restlet,1
2353,edmx,1
2354,custom-routes,1
2355,invocationtargetexception,1
2356,uiwebview,1
2357,onx,1
2358,interactive,1
2359,httpwebrequest,1
2360,deeplink,1
2361,earthdistance,1
2362,actionlistener,1
2363,auto-responder,1
2364,android-shape,1
2365,android-build-type,1
2366,long-press,1
2367,redraw,1
2368,android-twitter,1
2369,ios6-maps,1
2370,layout-gravity,1
2371,width,1
2372,onitemclicklistener,1
2373,z-order,1
2374,satellite-navigation,1
2375,react-native-router-flux,1
2376,tableview,1
2377,htc-android,1
2378,reference,1
2379,webpage,1
2380,shake,1
2381,renderer,1
2382,mapzen,1
2383,mvp,1
2384,trace,1
2385,onfling,1
2386,build-target,1
2387,stack,1
2388,multi-window,1
2389,drawingcache,1
2390,adaptive-icon,1
2391,resume,1
2392,turn-by-turn,1
2393,jquery-mobile-pageshow,1
2394,dynamically-generated,1
2395,inertia,1
2396,console,1
2397,android-maven-plugin,1
2398,mesh,1
2399,screen-size,1
2400,postdata,1
2401,gdirections,1
2402,string-formatting,1
2403,geo-schema,1
2404,neshan-platform,1
2405,okhttp,1
2406,viewmodel,1
2407,animationdrawable,1
2408,designmode,1
2409,onconfigurationchanged,1
2410,joystick,1
2411,instances,1
2412,visible,1
2413,file-ownership,1
2414,slideshow,1
2415,viewflipper,1
2416,multimap,1
2417,android-wear-2.0,1
2418,flash-cs6,1
2419,java.util.concurrent,1
2420,maven-3,1
2421,localizable.strings,1
2422,targetsdkversion,1
2423,intel-atom,1
2424,google-maps-autocomplete,1
2425,saxparser,1
2426,nokiax,1
2427,minimized,1
2428,immutability,1
2429,auto-value,1
2430,digits,1
2431,transfuse,1
2432,fileinputstream,1
2433,multiline,1
2434,adwords-api-v201109,1
2435,rsa-key-fingerprint,1
2436,code-signing,1
2437,ios6,1
2438,arduino-ide,1
2439,google-play-games,1
2440,chromium,1
2441,onkeydown,1
2442,legacy,1
2443,response,1
2444,search-engine,1
2445,mobile-browser,1
2446,motion-detection,1
2447,android-music-player,1
2448,flat,1
2449,printing,1
2450,onrestoreinstancestate,1
2451,browser-history,1
2452,phone-state-listener,1
2453,google-mirror-api,1
2454,binary-xml,1
2455,increment,1
2456,decompiler,1
2457,feature-extraction,1
2458,updating,1
2459,project,1
2460,touch-feedback,1
2461,google-chrome-arc,1
2462,split,1
2463,nexus-4,1
2464,mac-address,1
2465,saving-data,1
2466,sql-order-by,1
2467,boolean,1
2468,scrollable,1
2469,abstract-methods,1
2470,logic,1
2471,flashlight,1
2472,android-market-filtering,1
2473,zip,1
2474,greenrobot-eventbus,1
2475,bing-api,1
2476,http-status-code-403,1
2477,asp.net-mvc-5,1
2478,android-actionmode,1
2479,mmap,1
2480,periodic-task,1
2481,sum,1
2482,subtraction,1
2483,acra,1
2484,connect,1
2485,startup,1
2486,android-instrumentation,1
2487,builder,1
2488,android-inputtype,1
2489,rethinkdb,1
2490,metadata-extractor,1
2491,activity-stack,1
2492,action-menu,1
2493,undo,1
2494,eddystone,1
2495,xamarin-android-player,1
2496,iteration,1
2497,on-screen-keyboard,1
2498,android-async-http,1
2499,mime-types,1
2500,clock-synchronization,1
2501,samsung-knox,1
2502,router,1
2503,wlan,1
2504,statistics,1
2505,zurb-foundation-5,1
2506,background-image,1
2507,toolbar,1
2508,viewport,1
2509,fusion,1
2510,tiff,1
2511,tizen-native-app,1
2512,parceler,1
2513,versions,1
2514,parallax,1
2515,coordinator-layout,1
2516,number-formatting,1
2517,gmlib,1
2518,convex-hull,1
2519,javax.imageio,1
2520,firebase-console,1
2521,dotted-line,1
2522,android-gravity,1
2523,android-6.0.1-marshmallow,1
2524,window-managers,1
2525,indexof,1
2526,adk,1
2527,laravel,1
2528,vpn,1
2529,generics,1
2530,appwidgetprovider,1
2531,snapchat,1
2532,geopy,1
2533,modernizr,1
2534,pagertabstrip,1
2535,conditional,1
2536,assert,1
2537,debug-build,1
2538,android-switch,1
2539,classloader,1
2540,swig,1
2541,typemaps,1
2542,code-cleanup,1
2543,spherical-coordinate,1
2544,gravity,1
2545,non-static,1
2546,gcmtaskservice,1
2547,google-chrome-devtools,1
2548,httpserver,1
2549,http-status-code-400,1
2550,private-network,1
2551,metrics,1
2552,getview,1
2553,classpath,1
2554,android-7.1-nougat,1
2555,gpio,1
2556,programmatically,1
2557,xamarin.essentials,1
2558,sensor-fusion,1
2559,facebook-login,1
2560,lte,1
2561,android-thread,1
2562,android-viewmodel,1
2563,webbrowser-control,1
2564,nested-function,1
2565,transport,1
2566,bufferedwriter,1
2567,layoutparams,1
2568,firebase-mlkit,1
2569,ios11,1
2570,core-bluetooth,1
2571,hover,1
2572,google-pixel,1
2573,environment-variables,1
2574,pwa,1
2575,xamarin.uitest,1
2576,visual-studio-app-center,1
2577,frames,1
2578,elf,1
2579,dynamic-linking,1
2580,cartodb,1
2581,carto-mobile,1
2582,kotlin-coroutines,1
2583,androidq,1
2584,mockito,1
